,lfc_mean,proba_de
AASDHPPT,-0.027571278,0.027571278
AASS,0.0,0.0
ABCA2,0.0,0.0
ABCA3,0.02248582,0.02248582
ABCA5,0.0,0.0
ABCA7,0.02191228,0.02191228
ABCB1,0.0,0.0
ABCB4,-0.0059694564,0.0059694564
ABCB6,0.0,0.0
ABCC5,0.0,0.0
ABCD4,-0.005709972,0.005709972
ABCE1,-0.013928324,0.013928324
ABCG1,-0.020073857,0.020073857
ABCG2,0.017930906,0.017930906
ABHD14B,-0.038035277,0.038035277
ABHD17A,0.033468638,0.033468638
ABHD17B,-0.022147005,0.022147005
ABHD3,0.009841621,0.009841621
ABHD4,0.0,0.0
ABHD5,-0.04199104,0.04199104
ABI1,-0.054699704,0.054699704
ABLIM1,-0.11900292,0.11900292
ABLIM3,0.0,0.0
ACACA,0.0,0.0
ACACB,0.0,0.0
ACAD8,0.026810678,0.026810678
ACAD9,-0.054351825,0.054351825
ACADM,0.06305302,0.06305302
ACAT2,0.02155099,0.02155099
ACBD4,-0.0063884603,0.0063884603
ACD,0.035908602,0.035908602
ACHE,0.0,0.0
ACKR3,0.0,0.0
ACOT4,0.01977847,0.01977847
ACOXL,0.0,0.0
ACP5,0.087000564,0.087000564
ACSF2,0.0,0.0
ACSL6,-0.03042842,0.03042842
ACSM1,0.0,0.0
ACSM3,-0.019802986,0.019802986
ACSS1,-0.075187705,0.075187705
ACTA2,0.028319605,0.028319605
ACTB,-0.28248692,0.28248692
ACTL6A,-0.044481993,0.044481993
ACTR1A,-0.042023998,0.042023998
ACTR1B,0.019959934,0.019959934
ACTR5,-0.015487919,0.015487919
ADA,0.04544708,0.04544708
ADAL,-0.021254515,0.021254515
ADAM12,-0.018328007,0.018328007
ADAM21,0.0,0.0
ADAM8,-0.077421695,0.077421695
ADAMTS10,0.0,0.0
ADAMTS17,0.0,0.0
ADAMTSL5,0.0,0.0
ADARB1,0.013642584,0.013642584
ADAT1,0.0,0.0
ADAT2,0.0088637555,0.0088637555
ADCY1,0.0,0.0
ADD1,-0.0021654135,0.0021654135
ADHFE1,0.02248582,0.02248582
ADK,-0.016838014,0.016838014
ADM2,0.0,0.0
ADO,0.02310736,0.02310736
ADORA3,-0.014200782,0.014200782
ADPRM,0.032754898,0.032754898
ADRB2,0.001041064,0.001041064
AFMID,0.0,0.0
AGAP2,-0.021994466,0.021994466
AGBL3,-0.021854945,0.021854945
AGGF1,0.0033866838,0.0033866838
AGK,0.0,0.0
AGL,-0.01544207,0.01544207
AGMAT,0.0,0.0
AGO2,0.0,0.0
AGPAT4,-0.049754545,0.049754545
AGPAT5,0.05213394,0.05213394
AGPS,-0.01469033,0.01469033
AHI1,-0.03847082,0.03847082
AK1,0.019983323,0.019983323
AK3,-0.00500975,0.00500975
AK9,0.0,0.0
AKAP12,0.0,0.0
AKAP5,-0.017326493,0.017326493
AKR1C3,-0.015036413,0.015036413
AKR7A2,-0.13195875,0.13195875
ALAS2,-0.017284112,0.017284112
ALDH6A1,-0.017813694,0.017813694
ALDH8A1,-0.018268852,0.018268852
ALDH9A1,-0.14226437,0.14226437
ALDOC,0.0,0.0
ALG1,-0.039334126,0.039334126
ALG10B,0.01176122,0.01176122
ALG12,0.040178344,0.040178344
ALG14,0.0,0.0
ALG3,-0.021450773,0.021450773
ALG8,-0.026135996,0.026135996
ALKBH2,-0.0044103153,0.0044103153
ALMS1,0.0,0.0
ALOX12,0.0,0.0
ALOX5AP,-0.01497817,0.01497817
ALS2CL,0.0,0.0
AMFR,-0.009067151,0.009067151
AMPH,0.0,0.0
AMT,0.0,0.0
AMY2B,0.0,0.0
ANAPC1,0.0,0.0
ANAPC10,-0.006128207,0.006128207
ANAPC5,-0.0075412244,0.0075412244
ANGPT2,0.0,0.0
ANKH,-0.044715032,0.044715032
ANKRD26,0.012214588,0.012214588
ANLN,0.0,0.0
ANO9,0.0,0.0
ANXA1,0.7226316,0.7226316
ANXA5,-0.06623775,0.06623775
AP3B1,0.00040255487,0.00040255487
AP3M1,0.032175362,0.032175362
AP4B1,-0.008711083,0.008711083
APBB1,0.0,0.0
APEH,-0.09355555,0.09355555
APOA1,0.0,0.0
APOBEC3A,1.0788951,1.0788951
APOBEC3B,0.43627,0.43627
APOBEC3C,-0.0040340684,0.0040340684
APOBEC3G,0.18919939,0.18919939
APOBEC3H,0.082206436,0.082206436
APOD,0.0,0.0
APOE,0.0,0.0
APOM,0.0,0.0
APOO,-0.040891025,0.040891025
APP,0.0007516667,0.0007516667
APPL1,0.034532033,0.034532033
AQP10,0.013302264,0.013302264
AQP11,0.01855099,0.01855099
AQP3,0.043389592,0.043389592
ARAP2,0.017158724,0.017158724
ARC,0.0,0.0
AREG,-0.003504105,0.003504105
ARFRP1,0.010276072,0.010276072
ARHGAP11A,0.0,0.0
ARHGAP12,-0.026479052,0.026479052
ARHGAP24,-0.07944034,0.07944034
ARHGAP6,0.027836757,0.027836757
ARHGEF1,-0.18623397,0.18623397
ARHGEF10,0.0,0.0
ARHGEF12,0.0,0.0
ARHGEF18,0.0,0.0
ARHGEF19,-0.018003324,0.018003324
ARHGEF26,0.0,0.0
ARHGEF28,0.0,0.0
ARHGEF35,0.0,0.0
ARHGEF4,0.0,0.0
ARHGEF40,0.033733714,0.033733714
ARHGEF7,-0.014654871,0.014654871
ARHGEF9,-0.019297836,0.019297836
ARID4A,-0.02836398,0.02836398
ARID4B,-0.021776408,0.021776408
ARID5B,-0.0396024,0.0396024
ARL1,-0.040647604,0.040647604
ARSD,-0.01984742,0.01984742
ARSG,0.085423365,0.085423365
ARV1,0.036639735,0.036639735
ASB8,0.011191271,0.011191271
ASCC1,-0.012446555,0.012446555
ASNS,0.03429291,0.03429291
ASPSCR1,-0.005604364,0.005604364
ASXL2,0.012286045,0.012286045
ATF1,-0.060085148,0.060085148
ATF2,-0.013493912,0.013493912
ATF6,-0.008621838,0.008621838
ATF7IP,-0.100338385,0.100338385
ATG10,0.012398669,0.012398669
ATG16L1,0.022392225,0.022392225
ATG4A,0.057066202,0.057066202
ATG4B,-0.041804977,0.041804977
ATIC,0.038297337,0.038297337
ATP11B,0.018371053,0.018371053
ATP1A3,0.0,0.0
ATP1B1,0.00944812,0.00944812
ATP2B4,-0.027488712,0.027488712
ATP6V0A4,0.0,0.0
ATP6V0E2,-0.00094231777,0.00094231777
ATP6V1E2,0.0,0.0
ATP6V1G2,0.0,0.0
ATP6V1H,0.07388259,0.07388259
ATP8A1,-0.03796808,0.03796808
ATP8A2,0.0,0.0
ATP8B3,0.0,0.0
ATR,0.02146437,0.02146437
ATRX,-0.025087953,0.025087953
AUH,0.0,0.0
AUTS2,-0.023226626,0.023226626
AVP,0.0,0.0
B2M,0.31445074,0.31445074
B3GALT4,-0.0023845872,0.0023845872
B3GAT1,0.0,0.0
B3GAT3,-0.12394762,0.12394762
B3GNT7,0.0,0.0
B3GNTL1,0.013486734,0.013486734
B4GALT7,0.006378554,0.006378554
BACE1,0.0,0.0
BAG3,0.009465149,0.009465149
BAG5,0.03249146,0.03249146
BAMBI,0.0,0.0
BASP1,-0.031035878,0.031035878
BATF,-0.019213125,0.019213125
BAZ1B,-0.00699028,0.00699028
BAZ2A,0.014841061,0.014841061
BBC3,-0.017989874,0.017989874
BBIP1,-0.051569402,0.051569402
BBS1,0.0,0.0
BBS10,0.0,0.0
BBS4,-0.006102276,0.006102276
BBS5,0.0,0.0
BBS7,0.01637838,0.01637838
BCAS2,0.12239386,0.12239386
BCDIN3D,0.045203775,0.045203775
BCKDHB,-0.02033997,0.02033997
BCL11A,0.0,0.0
BCL2,-0.011397686,0.011397686
BCL2A1,0.09052243,0.09052243
BCL2L11,-0.009067151,0.009067151
BCL9,0.0,0.0
BCL9L,-0.0141824195,0.0141824195
BDH1,0.0,0.0
BDH2,-0.013022186,0.013022186
BDP1,-0.11407697,0.11407697
BEGAIN,0.0,0.0
BEST4,0.0,0.0
BHLHE40,-0.014442265,0.014442265
BHLHE41,0.0,0.0
BICD1,0.007643452,0.007643452
BIRC3,-0.1489622,0.1489622
BLK,0.0,0.0
BLM,0.015180346,0.015180346
BLMH,0.034207746,0.034207746
BLNK,0.032827955,0.032827955
BLOC1S6,0.01388891,0.01388891
BMS1,-0.016204905,0.016204905
BNIP1,-0.0036688931,0.0036688931
BNIP2,-0.11394083,0.11394083
BRAF,0.0016691014,0.0016691014
BRD1,-0.0046529667,0.0046529667
BRF1,-0.024159677,0.024159677
BRF2,0.03625843,0.03625843
BTLA,-0.013363589,0.013363589
BTN2A2,0.0008075014,0.0008075014
BTN3A1,-0.028505668,0.028505668
BTN3A2,-0.023608983,0.023608983
BTN3A3,0.035762385,0.035762385
BUB1,-0.0049475767,0.0049475767
BUB1B,0.02191228,0.02191228
BYSL,0.0046801604,0.0046801604
C1QA,0.0,0.0
C1QB,0.0,0.0
C1QC,0.0,0.0
C1orf35,-0.10743226,0.10743226
C2CD3,0.025325105,0.025325105
C2orf49,0.00035350025,0.00035350025
C3AR1,0.10719451,0.10719451
C4BPB,0.0,0.0
CA1,-0.009997471,0.009997471
CA13,0.01188798,0.01188798
CA2,0.067777045,0.067777045
CA5B,0.0,0.0
CA6,0.031190079,0.031190079
CABIN1,0.0059067057,0.0059067057
CACNB2,0.0,0.0
CADM1,-0.026370423,0.026370423
CALU,-0.0940574,0.0940574
CAMK2D,-0.04157323,0.04157323
CAND1,0.0063653365,0.0063653365
CAPN10,-0.040053573,0.040053573
CAPN12,0.0,0.0
CAPN7,-0.017813694,0.017813694
CASP2,0.015904563,0.015904563
CASP3,0.104108885,0.104108885
CASP8,0.11593833,0.11593833
CATSPER1,-0.03283084,0.03283084
CBLB,-0.07611945,0.07611945
CBR3,0.013944503,0.013944503
CBX1,0.012478415,0.012478415
CBX8,0.0,0.0
CCDC59,-0.024309993,0.024309993
CCDC88C,0.07337465,0.07337465
CCL13,0.049366217,0.049366217
CCL19,0.0,0.0
CCL2,0.6822566,0.6822566
CCL20,0.02112673,0.02112673
CCL22,-0.020612333,0.020612333
CCL23,-0.022663385,0.022663385
CCL28,0.016876876,0.016876876
CCL3,0.1567513,0.1567513
CCL3L1,0.05763395,0.05763395
CCL4,0.23598507,0.23598507
CCL5,-0.19949734,0.19949734
CCL7,0.32356048,0.32356048
CCND1,0.0,0.0
CCND2,0.088864796,0.088864796
CCNE1,0.0,0.0
CCNF,0.0,0.0
CCR3,0.0,0.0
CCR4,0.0006170254,0.0006170254
CCR6,0.080253914,0.080253914
CCR7,0.22310889,0.22310889
CCR9,0.016457839,0.016457839
CCT2,-0.093592614,0.093592614
CD14,-0.42359892,0.42359892
CD160,0.023638247,0.023638247
CD19,-0.02012018,0.02012018
CD1D,0.0,0.0
CD2,0.011869788,0.011869788
CD200,0.03653291,0.03653291
CD207,0.0,0.0
CD244,0.00751552,0.00751552
CD247,0.07921651,0.07921651
CD27,-0.19490603,0.19490603
CD300A,0.04180103,0.04180103
CD320,-0.0012536347,0.0012536347
CD38,0.32632813,0.32632813
CD3E,-0.17147887,0.17147887
CD3G,-0.09536368,0.09536368
CD40LG,0.0011368468,0.0011368468
CD52,-0.2825123,0.2825123
CD55,-0.21226892,0.21226892
CD70,0.0022015627,0.0022015627
CD72,0.0,0.0
CD74,-0.10030365,0.10030365
CD79A,-0.14798374,0.14798374
CD79B,-0.08748536,0.08748536
CD8A,-0.082369715,0.082369715
CD8B,0.02763483,0.02763483
CD9,-0.21141897,0.21141897
CD96,0.012199402,0.012199402
CDC14B,0.0,0.0
CDC16,-0.035372306,0.035372306
CDC23,0.021283034,0.021283034
CDC34,-0.03736551,0.03736551
CDC37L1,-0.019636735,0.019636735
CDC40,-0.08108934,0.08108934
CDC5L,-0.068229586,0.068229586
CDIPT,0.012141278,0.012141278
CDK13,-0.036544587,0.036544587
CDK19,0.0,0.0
CDK4,0.01278387,0.01278387
CDK6,-0.009067151,0.009067151
CDK7,0.04054703,0.04054703
CDK8,0.0055161417,0.0055161417
CDKN2C,0.0,0.0
CDKN2D,0.10443622,0.10443622
CEBPD,0.14324152,0.14324152
CENPC,-0.0117969215,0.0117969215
CENPF,-0.05879139,0.05879139
CENPJ,-0.020666426,0.020666426
CENPL,0.021201923,0.021201923
CENPT,0.0018400811,0.0018400811
CEP135,-0.06331317,0.06331317
CEP250,-0.022024717,0.022024717
CEP57,-0.06604737,0.06604737
CEP63,0.029588044,0.029588044
CEP76,0.014674423,0.014674423
CEP78,-0.04293341,0.04293341
CERS2,-0.07531496,0.07531496
CERS4,-0.0018486213,0.0018486213
CES2,-0.01613867,0.01613867
CFD,-0.08236329,0.08236329
CFP,-0.12788254,0.12788254
CH25H,0.016530648,0.016530648
CHAC2,0.013033861,0.013033861
CHCHD4,-0.034544826,0.034544826
CHD1,0.056985587,0.056985587
CHD3,-0.038575508,0.038575508
CHD8,0.0034223963,0.0034223963
CHGB,0.0,0.0
CHID1,0.025339108,0.025339108
CHL1,0.0,0.0
CHMP1A,-0.004931703,0.004931703
CHN1,0.0,0.0
CHN2,0.016457839,0.016457839
CHPT1,-0.07453379,0.07453379
CHRNA6,0.0,0.0
CHRNE,0.0,0.0
CHST10,0.016734138,0.016734138
CHST12,0.12795787,0.12795787
CHTF18,-0.0024152864,0.0024152864
CHTOP,0.028632343,0.028632343
CIAO1,0.018068172,0.018068172
CIDEC,0.0,0.0
CITED2,0.01695177,0.01695177
CKAP5,0.0,0.0
CLASP1,-0.011523164,0.011523164
CLASP2,0.03309463,0.03309463
CLCN6,-0.0141824195,0.0141824195
CLDN5,0.021777924,0.021777924
CLEC1B,0.02256998,0.02256998
CLEC2B,0.23967299,0.23967299
CLEC2D,0.1609962,0.1609962
CLEC4C,0.0,0.0
CLEC4E,0.08579624,0.08579624
CLEC5A,-0.29026696,0.29026696
CLINT1,0.016070072,0.016070072
CLP1,0.029490199,0.029490199
CLU,0.10077815,0.10077815
CLUAP1,0.002456572,0.002456572
CMC2,0.06273515,0.06273515
CNKSR2,0.0,0.0
CNOT6L,0.009363674,0.009363674
CNTRL,0.07148966,0.07148966
COA1,-0.015723757,0.015723757
COA4,-0.09009039,0.09009039
COG3,-0.025394969,0.025394969
COG5,0.03943375,0.03943375
COL11A2,0.0,0.0
COL15A1,0.0,0.0
COL19A1,-0.020750463,0.020750463
COL1A1,0.0,0.0
COL23A1,0.0,0.0
COL6A2,0.0,0.0
COL6A3,0.0,0.0
COL9A3,0.019486303,0.019486303
COLGALT2,-0.01995977,0.01995977
COMMD3,-0.103567064,0.103567064
COPRS,0.009095319,0.009095319
COPS7B,0.0843229,0.0843229
COPZ2,0.0,0.0
COQ10A,-0.056718014,0.056718014
COQ3,0.0,0.0
COQ5,0.035142053,0.035142053
COQ6,0.018216208,0.018216208
COQ7,0.009193184,0.009193184
COQ9,-0.022521652,0.022521652
COX11,-0.074989334,0.074989334
COX19,-0.07823412,0.07823412
COX5A,0.07119033,0.07119033
CPNE1,-0.0790577,0.0790577
CPNE3,-0.040627494,0.040627494
CPNE7,-0.10165475,0.10165475
CPSF4,-0.017928148,0.017928148
CPSF7,-0.030349558,0.030349558
CRAT,-0.0477235,0.0477235
CRB3,0.016138187,0.016138187
CRBN,-0.16139466,0.16139466
CRCP,-0.024489986,0.024489986
CREB3L4,-0.020292286,0.020292286
CRHR1,0.0,0.0
CRKL,-0.05527667,0.05527667
CRLS1,0.014211051,0.014211051
CRNKL1,-0.003996756,0.003996756
CROT,0.0,0.0
CRY1,0.006429091,0.006429091
CRY2,0.0,0.0
CRYM,0.0,0.0
CSAD,0.03988652,0.03988652
CSF2,0.0,0.0
CSNK1E,-0.047122706,0.047122706
CSRP1,-0.027595723,0.027595723
CST3,0.20039731,0.20039731
CSTF2,0.00092300586,0.00092300586
CSTF2T,0.06079257,0.06079257
CSTF3,-0.10713027,0.10713027
CTC1,0.0,0.0
CTCF,-0.042340823,0.042340823
CTDSP2,-0.018845834,0.018845834
CTF1,0.0,0.0
CTH,0.023051647,0.023051647
CTLA4,0.034447838,0.034447838
CTPS1,0.013515804,0.013515804
CTR9,-0.079178706,0.079178706
CTSA,0.014690012,0.014690012
CTSC,0.42113358,0.42113358
CTSD,-0.016241223,0.016241223
CTSF,0.0,0.0
CTSL,0.14206159,0.14206159
CTSW,0.07873698,0.07873698
CTTN,0.013486734,0.013486734
CUL2,0.018527903,0.018527903
CUL4B,0.0009450959,0.0009450959
CUTC,0.0029384792,0.0029384792
CWC22,-0.029949289,0.029949289
CWC27,-0.07211056,0.07211056
CX3CR1,0.0,0.0
CXCL1,-0.04007663,0.04007663
CXCL10,1.6322483,1.6322483
CXCL11,0.70483667,0.70483667
CXCL13,0.0,0.0
CXCL16,-0.109199494,0.109199494
CXCL2,-0.0793268,0.0793268
CXCL3,-0.17884476,0.17884476
CXCL5,-0.01075359,0.01075359
CXCL9,0.017673995,0.017673995
CXCR3,-0.097648375,0.097648375
CXCR4,-0.6574172,0.6574172
CXCR5,-0.019907113,0.019907113
CXCR6,0.00056139566,0.00056139566
CXXC1,-0.077679306,0.077679306
CXXC5,0.0075457254,0.0075457254
CYB5B,0.082698464,0.082698464
CYFIP2,-0.03808882,0.03808882
CYGB,-0.018496484,0.018496484
CYP1B1,-0.16786161,0.16786161
CYP2R1,0.0114892535,0.0114892535
CYP4V2,-0.0010269266,0.0010269266
CYSLTR1,-0.044657994,0.044657994
CYSLTR2,0.0,0.0
DAAM1,-0.008844122,0.008844122
DACT1,0.0,0.0
DAPK2,-0.021555305,0.021555305
DARS2,0.0,0.0
DBP,-0.0044341683,0.0044341683
DCAF16,-0.046565343,0.046565343
DCAF7,-0.029998269,0.029998269
DCLRE1A,0.0,0.0
DCLRE1C,0.030456772,0.030456772
DCP1A,0.021755435,0.021755435
DCP1B,0.0025346987,0.0025346987
DCPS,0.06476073,0.06476073
DCSTAMP,0.0,0.0
DCUN1D1,0.006199345,0.006199345
DCUN1D2,0.0,0.0
DCUN1D4,0.0,0.0
DDB1,-0.055036042,0.055036042
DDHD1,0.10724055,0.10724055
DDHD2,-0.038915787,0.038915787
DDIT4,-0.06596857,0.06596857
DDOST,-0.11651164,0.11651164
DDR2,0.0,0.0
DDRGK1,-0.004355848,0.004355848
DDX20,0.05181047,0.05181047
DDX42,-0.025645718,0.025645718
DDX52,0.015219089,0.015219089
DDX6,-0.04228154,0.04228154
DEDD2,-0.09124032,0.09124032
DEF6,-0.020213794,0.020213794
DEFB1,0.27003205,0.27003205
DEGS1,-0.015066072,0.015066072
DEGS2,0.0,0.0
DENND3,-0.02559882,0.02559882
DENND4C,-0.040170755,0.040170755
DENND5B,0.0,0.0
DEPDC1B,0.0,0.0
DERL3,-0.02012018,0.02012018
DET1,0.0,0.0
DFFA,-0.03390011,0.03390011
DGKD,-0.01803736,0.01803736
DGKQ,0.0,0.0
DHCR7,0.0,0.0
DHODH,-0.016835907,0.016835907
DHRS7B,0.0008283034,0.0008283034
DHX15,-0.028168805,0.028168805
DIDO1,-0.04379762,0.04379762
DIMT1,-0.043297835,0.043297835
DLG1,0.030212464,0.030212464
DNAJB1,-0.0698805,0.0698805
DNAJB6,0.15222996,0.15222996
DNAJC24,-0.0016599307,0.0016599307
DNM3,0.0,0.0
DOK2,0.12231943,0.12231943
DOK3,-0.016102666,0.016102666
DOLK,-0.053059243,0.053059243
DPH2,0.0185309,0.0185309
DPH7,-0.016814267,0.016814267
DPM2,-0.020915754,0.020915754
DPP4,0.040715035,0.040715035
DROSHA,0.013645568,0.013645568
DSP,0.019228643,0.019228643
DTX4,0.0,0.0
DUS2,0.017580973,0.017580973
DUSP1,-0.20585632,0.20585632
DUSP16,0.0338263,0.0338263
DUSP2,-0.0627867,0.0627867
DUSP4,0.034405127,0.034405127
DVL2,-0.024592467,0.024592467
DYNC2LI1,-0.009997471,0.009997471
DYNLRB2,0.0,0.0
DYRK2,0.05360265,0.05360265
E2F1,-0.03859405,0.03859405
E2F5,0.0,0.0
E2F6,-0.020750463,0.020750463
EAF2,0.01185859,0.01185859
EBP,0.018889695,0.018889695
ECE1,0.023871418,0.023871418
ECI2,-0.12042819,0.12042819
ECM1,-0.0138471415,0.0138471415
EDAR,0.0,0.0
EDN1,0.047840726,0.047840726
EEA1,-0.020342182,0.020342182
EED,0.083406694,0.083406694
EEF1E1,0.053131275,0.053131275
EEF2K,-0.009362365,0.009362365
EEFSEC,-0.018795671,0.018795671
EFCAB7,-0.040549304,0.040549304
EFNA3,0.0,0.0
EFNA5,0.0,0.0
EGF,0.0,0.0
EGLN1,-0.02335081,0.02335081
EGR2,0.009960926,0.009960926
EGR4,-0.009067151,0.009067151
EHD3,0.0,0.0
EHHADH,0.0,0.0
EHMT1,-0.03674247,0.03674247
EHMT2,-0.04181737,0.04181737
EIF2AK1,-0.027496312,0.027496312
EIF2B1,0.017531205,0.017531205
EIF2B3,-0.023703078,0.023703078
EIF2B4,0.081593364,0.081593364
EIF2B5,0.06773815,0.06773815
EIF3B,-0.029217513,0.029217513
EIF4EBP1,-0.05131589,0.05131589
EIF5,0.07724458,0.07724458
EIF5A,0.095626846,0.095626846
EIF5A2,0.051193904,0.051193904
EIF5B,0.018134564,0.018134564
ELF2,0.08228586,0.08228586
ELL,-0.022124382,0.022124382
ELL2,-0.03130926,0.03130926
ELMO1,-0.029077157,0.029077157
ELOVL4,0.0,0.0
ELOVL5,0.068126306,0.068126306
ELOVL6,-0.021727765,0.021727765
ELP2,0.033833265,0.033833265
ELP3,0.058743864,0.058743864
ELP4,0.040149886,0.040149886
ELP5,-0.030000057,0.030000057
ELP6,0.011780646,0.011780646
EMB,0.048950598,0.048950598
EMILIN1,0.0,0.0
ENAH,0.0,0.0
ENOPH1,0.02481556,0.02481556
ENPP4,0.007985024,0.007985024
ENSA,0.0006965995,0.0006965995
ENTPD4,-0.009746026,0.009746026
EOMES,-0.06063915,0.06063915
EPAS1,-0.01075359,0.01075359
EPB41,-0.059662282,0.059662282
EPB41L5,-0.042287234,0.042287234
EPHA1,0.0,0.0
EPHA4,0.0,0.0
EPHX2,0.017412229,0.017412229
EPM2A,0.0,0.0
EPOR,-0.022044957,0.022044957
EPS15L1,0.002455797,0.002455797
ERAP1,0.030604657,0.030604657
ERBB2,0.0,0.0
ERBB3,0.0,0.0
ERCC1,-0.049093343,0.049093343
ERCC4,-0.023083452,0.023083452
ERCC5,-0.023834554,0.023834554
ERCC8,0.0,0.0
ESAM,0.0018195175,0.0018195175
ESCO1,0.0,0.0
ETFA,-0.10259043,0.10259043
ETHE1,0.06491068,0.06491068
ETS1,-0.00034154765,0.00034154765
EVC2,0.0,0.0
EXOC5,-0.009285435,0.009285435
EXOSC4,-0.0023442246,0.0023442246
EXOSC5,0.025804646,0.025804646
EXOSC6,0.0140490215,0.0140490215
EXTL2,0.0,0.0
EZH2,0.0,0.0
EZR,0.051657468,0.051657468
F12,0.0,0.0
F13A1,0.039597977,0.039597977
F2R,0.02752,0.02752
FAAH2,0.007419303,0.007419303
FABP3,0.0,0.0
FABP5,-0.016129017,0.016129017
FAHD1,-0.04108003,0.04108003
FAM135A,0.0136875035,0.0136875035
FAM169A,0.016939297,0.016939297
FAN1,0.0,0.0
FANCA,0.05872189,0.05872189
FANCF,0.023708388,0.023708388
FANCL,-0.0027884878,0.0027884878
FAS,0.120643176,0.120643176
FASLG,0.11115554,0.11115554
FBLN5,-0.0010035075,0.0010035075
FBXL20,0.0,0.0
FBXL5,-0.081859514,0.081859514
FBXO15,0.0,0.0
FBXO32,-0.023215048,0.023215048
FBXO40,0.0,0.0
FBXO44,0.027610054,0.027610054
FBXO9,-0.020217448,0.020217448
FBXW4,0.0,0.0
FCER1A,-0.010938542,0.010938542
FCER1G,0.05283475,0.05283475
FCER2,0.01909617,0.01909617
FCF1,-0.012810428,0.012810428
FCGR3A,-0.21662645,0.21662645
FCGR3B,0.013645568,0.013645568
FCHO1,-0.019387593,0.019387593
FCN1,0.13347259,0.13347259
FDXR,-0.046418063,0.046418063
FECH,0.018457757,0.018457757
FEM1C,0.0,0.0
FEN1,-0.036893494,0.036893494
FES,-0.009267717,0.009267717
FGD3,-0.047985654,0.047985654
FGF22,0.0,0.0
FGF9,-0.021461256,0.021461256
FGFBP2,-0.0064810216,0.0064810216
FGFBP3,-0.01803736,0.01803736
FGL2,0.091598794,0.091598794
FH,0.03810396,0.03810396
FHL2,0.0,0.0
FITM1,0.0,0.0
FITM2,0.0,0.0
FLI1,0.0024772324,0.0024772324
FLOT2,-0.0070214476,0.0070214476
FLRT2,0.0,0.0
FLT3LG,-0.011496827,0.011496827
FN3K,0.0,0.0
FN3KRP,0.012657288,0.012657288
FNTA,0.011516929,0.011516929
FOS,-0.18744785,0.18744785
FOXK1,0.014638734,0.014638734
FOXK2,0.0,0.0
FOXO3,-0.04005409,0.04005409
FOXP1,-0.1587505,0.1587505
FOXP3,0.0,0.0
FPGT,-0.014200782,0.014200782
FST,-0.043701354,0.043701354
FSTL1,0.0,0.0
FTH1,-0.61656094,0.61656094
FTL,-0.46991277,0.46991277
FUCA1,-0.100581825,0.100581825
FUNDC1,-0.09144967,0.09144967
FUT11,-0.009267717,0.009267717
FUT7,-0.010938542,0.010938542
FUT8,0.012356029,0.012356029
FUZ,-0.029562378,0.029562378
FXYD3,0.0,0.0
FYN,-0.21068263,0.21068263
FZD3,-0.011268828,0.011268828
G0S2,-0.04308901,0.04308901
GABARAPL1,-0.17895514,0.17895514
GABPB1,-0.041087076,0.041087076
GADD45A,0.0,0.0
GAK,-0.055521086,0.055521086
GALE,-0.00862257,0.00862257
GALNT11,-0.0969391,0.0969391
GALNT12,0.0,0.0
GALNT3,-0.027358916,0.027358916
GALNT6,-0.03354754,0.03354754
GALNT7,-0.0025115917,0.0025115917
GALR2,0.0,0.0
GALT,-0.0064076856,0.0064076856
GAMT,-0.020444412,0.020444412
GAPVD1,-0.025335705,0.025335705
GAS8,0.020041816,0.020041816
GATA1,0.0,0.0
GATA2,0.0,0.0
GATA3,0.014861502,0.014861502
GBA2,0.0,0.0
GBP3,0.060343027,0.060343027
GBP4,0.670686,0.670686
GBP5,0.33650765,0.33650765
GCC2,-0.079233915,0.079233915
GCHFR,-0.15826465,0.15826465
GDE1,0.04194327,0.04194327
GDI1,-0.0053888187,0.0053888187
GDPD1,0.0,0.0
GDPD3,0.0,0.0
GEMIN7,-0.024514906,0.024514906
GFI1,-0.02093146,0.02093146
GFM1,-0.03440239,0.03440239
GFM2,0.010958492,0.010958492
GFOD1,-0.037294306,0.037294306
GGA2,-0.053546824,0.053546824
GINS4,0.0,0.0
GIPR,0.0,0.0
GIT2,-0.094260305,0.094260305
GLG1,-0.017186802,0.017186802
GLI1,0.0,0.0
GLO1,-0.0030518994,0.0030518994
GLRX5,0.011232242,0.011232242
GLTP,-0.06361539,0.06361539
GLUL,-0.118448615,0.118448615
GMPPB,0.0,0.0
GNAL,0.03520414,0.03520414
GNAO1,0.0,0.0
GNB5,0.004513843,0.004513843
GNG11,0.025610022,0.025610022
GNG2,0.032243468,0.032243468
GNG3,0.0,0.0
GNG4,0.0,0.0
GNG7,-0.017789235,0.017789235
GNG8,0.0,0.0
GNGT2,-0.017319925,0.017319925
GNLY,-0.08372003,0.08372003
GNPDA1,0.0018964224,0.0018964224
GOLGA3,0.0,0.0
GOLGB1,0.043608658,0.043608658
GOPC,-0.0015308186,0.0015308186
GP1BA,0.0,0.0
GP9,0.027783077,0.027783077
GPAM,0.014009353,0.014009353
GPC1,0.0,0.0
GPC2,-0.01702251,0.01702251
GPD1L,0.0,0.0
GPI,-0.07104218,0.07104218
GPR132,-0.027136952,0.027136952
GPR18,0.027411073,0.027411073
GPR183,-0.3100375,0.3100375
GPR27,0.0,0.0
GPR55,0.0,0.0
GPSM1,0.0,0.0
GPSM2,0.0,0.0
GPX1,-0.25898898,0.25898898
GRAP,-0.005952161,0.005952161
GRAP2,0.07210447,0.07210447
GRB14,0.0,0.0
GRHL1,0.0,0.0
GRIN2C,0.0,0.0
GRIP1,0.0,0.0
GRK4,0.01710306,0.01710306
GRPEL1,-0.11363258,0.11363258
GRPEL2,0.0009022802,0.0009022802
GSC,0.0,0.0
GSPT1,0.10706587,0.10706587
GSPT2,-0.017476175,0.017476175
GSR,-0.031318773,0.031318773
GSS,0.041283064,0.041283064
GSTM2,0.0,0.0
GSTM3,-0.07816675,0.07816675
GSTO2,0.0,0.0
GSTT1,0.0,0.0
GTF2A1,-0.0405043,0.0405043
GTF2H2,0.0062796753,0.0062796753
GTF3C1,0.032118004,0.032118004
GTF3C2,-0.019318443,0.019318443
GTF3C5,-0.002819039,0.002819039
GTSE1,0.0,0.0
GYG1,0.014841244,0.014841244
GYPA,0.0,0.0
GYPC,-0.14383744,0.14383744
GZMB,0.050012916,0.050012916
GZMH,-0.2096927,0.2096927
GZMM,-0.10496745,0.10496745
HACL1,-0.05066444,0.05066444
HADH,-0.049612097,0.049612097
HAS1,0.0,0.0
HAUS2,0.01909617,0.01909617
HAUS3,-0.0359051,0.0359051
HAUS6,-0.032341324,0.032341324
HBA1,-0.034895495,0.034895495
HBA2,0.016815886,0.016815886
HBB,-0.1429643,0.1429643
HBD,0.005999579,0.005999579
HBG1,0.0,0.0
HBG2,0.020412648,0.020412648
HBS1L,-0.07490064,0.07490064
HCFC1,-0.030521031,0.030521031
HCRT,0.0,0.0
HDAC4,0.008739572,0.008739572
HDAC6,0.0,0.0
HDAC8,0.016939297,0.016939297
HENMT1,-0.04126834,0.04126834
HERC1,-0.039350167,0.039350167
HERC2,0.0,0.0
HERPUD1,-0.07857746,0.07857746
HES1,-0.012320882,0.012320882
HFE,0.0,0.0
HGD,0.0,0.0
HGSNAT,-0.08216801,0.08216801
HHEX,-0.062821925,0.062821925
HIBCH,-0.05226098,0.05226098
HIC1,-0.013855792,0.013855792
HILPDA,0.0,0.0
HINT2,-0.11418635,0.11418635
HIP1R,0.0,0.0
HLA-DMA,-0.29928303,0.29928303
HLA-DMB,-0.06674645,0.06674645
HLA-DOB,0.029660475,0.029660475
HLA-DPA1,-0.010500073,0.010500073
HLA-DPB1,-0.4213282,0.4213282
HLA-DQA1,-0.10166031,0.10166031
HLA-DQB1,-0.2517665,0.2517665
HLA-DRA,-0.26110542,0.26110542
HLA-DRB1,-0.0118073225,0.0118073225
HLA-DRB5,0.037092075,0.037092075
HLTF,-0.016741578,0.016741578
HMGB2,-0.19481128,0.19481128
HMOX1,-0.13403024,0.13403024
HNRNPDL,-0.14401,0.14401
HOXA1,0.0,0.0
HOXB4,-0.038722087,0.038722087
HPGD,0.012281555,0.012281555
HPGDS,0.0,0.0
HPS4,-0.024746329,0.024746329
HPSE,0.17881052,0.17881052
HS2ST1,-0.035084475,0.035084475
HSCB,0.07275088,0.07275088
HSD17B12,0.049951978,0.049951978
HSD17B6,0.0,0.0
HSD17B7,-0.008518273,0.008518273
HSD17B8,-0.036355026,0.036355026
HSP90AB1,0.17890966,0.17890966
HSPA14,-0.025190646,0.025190646
HSPA1A,0.4996933,0.4996933
HSPA1B,0.09287187,0.09287187
HSPA1L,0.035319127,0.035319127
HSPA2,0.0,0.0
HSPA4,-0.00740359,0.00740359
HSPA5,0.08025262,0.08025262
HSPA6,0.01179471,0.01179471
HSPB1,0.4207022,0.4207022
HSPD1,0.029788375,0.029788375
HSPE1,0.11195916,0.11195916
HSPH1,0.03766024,0.03766024
HTT,-0.020590315,0.020590315
HVCN1,0.023840245,0.023840245
HYAL2,-0.03997256,0.03997256
IARS2,0.02791764,0.02791764
ICAM2,0.05875027,0.05875027
ICOS,0.042729273,0.042729273
ID2,-0.10208207,0.10208207
ID3,-0.29018205,0.29018205
IDE,0.0,0.0
IDH1,0.0,0.0
IDI1,0.15024284,0.15024284
IDO1,0.78088295,0.78088295
IDO2,0.0,0.0
IER3,-0.17798173,0.17798173
IFI27,0.6288008,0.6288008
IFI6,2.7472088,2.7472088
IFIT1,2.4837716,2.4837716
IFIT2,1.8709253,1.8709253
IFIT3,2.523903,2.523903
IFITM3,1.0121609,1.0121609
IFNB1,0.0,0.0
IFNG,0.009944981,0.009944981
IFNLR1,0.0,0.0
IFT140,0.0,0.0
IFT27,0.026862465,0.026862465
IFT74,0.013561668,0.013561668
IFT88,-0.0824875,0.0824875
IGFBP2,0.0,0.0
IGFBP3,0.035990503,0.035990503
IGFBP4,0.03397424,0.03397424
IGFBP6,0.0,0.0
IGFBP7,0.08541759,0.08541759
IKBKB,0.019855917,0.019855917
IL11,0.0,0.0
IL11RA,0.0,0.0
IL12RB1,-0.002206426,0.002206426
IL12RB2,0.0,0.0
IL16,-0.034600176,0.034600176
IL18R1,-0.006062813,0.006062813
IL18RAP,0.055478293,0.055478293
IL19,0.0,0.0
IL1B,-0.2547776,0.2547776
IL1R2,0.040114924,0.040114924
IL1RL2,0.0,0.0
IL1RN,0.6229359,0.6229359
IL2,0.0,0.0
IL21R,-0.019825166,0.019825166
IL23A,-0.04290032,0.04290032
IL24,-0.01182667,0.01182667
IL27RA,-0.017019253,0.017019253
IL2RA,0.092654645,0.092654645
IL2RB,0.03295065,0.03295065
IL32,0.069049984,0.069049984
IL36G,0.0,0.0
IL36RN,0.0,0.0
IL4I1,0.35010982,0.35010982
IL4R,-0.16596179,0.16596179
IL5RA,0.0,0.0
IL6,0.030645667,0.030645667
IL7R,-0.18529767,0.18529767
IMMT,0.0025784299,0.0025784299
IMP3,-0.14101624,0.14101624
IMPA2,-0.016863858,0.016863858
INCENP,0.0,0.0
ING2,-0.012583958,0.012583958
ING3,-0.11487387,0.11487387
ING5,0.026871879,0.026871879
INO80C,-0.053460553,0.053460553
INO80E,-0.0342627,0.0342627
INPP4A,0.029208846,0.029208846
INPP4B,0.03337346,0.03337346
INPP5D,-0.020324038,0.020324038
INPP5E,0.0136875035,0.0136875035
INPP5K,-0.023977593,0.023977593
INSIG1,-0.22877121,0.22877121
INSIG2,0.047047198,0.047047198
INSL3,0.0,0.0
INTS10,-0.02210538,0.02210538
INTS3,0.021835601,0.021835601
INTS4,0.018352814,0.018352814
INTS8,0.0047743134,0.0047743134
IP6K1,-0.07061757,0.07061757
IP6K2,-0.033718497,0.033718497
IQGAP2,0.09018096,0.09018096
IRAK4,-0.009693138,0.009693138
IRF1,0.40827274,0.40827274
IRF6,0.0,0.0
IRF8,0.14337666,0.14337666
IRS2,-0.037740573,0.037740573
ISCA1,0.045119986,0.045119986
ISG15,3.9455338,3.9455338
ISG20,2.6943169,2.6943169
ISG20L2,0.03972096,0.03972096
ITCH,-0.032722335,0.032722335
ITGA1,-0.017618699,0.017618699
ITGA10,0.0,0.0
ITGA2B,0.027836757,0.027836757
ITGA4,0.07575617,0.07575617
ITGB2,0.0040443987,0.0040443987
ITGB3,0.0,0.0
ITGB3BP,0.0,0.0
ITGB5,0.02256998,0.02256998
ITK,0.07836008,0.07836008
ITPKB,0.0049098767,0.0049098767
ITPR2,-0.02335589,0.02335589
ITPR3,0.0,0.0
IVD,-0.002755275,0.002755275
IZUMO4,-0.019795606,0.019795606
JADE1,-0.057361737,0.057361737
JAM2,0.0,0.0
JAM3,0.0,0.0
JMJD6,-0.069536686,0.069536686
JOSD1,-0.076076165,0.076076165
JUN,-0.18273278,0.18273278
JUNB,-0.22843218,0.22843218
KALRN,0.0,0.0
KANSL2,0.022948526,0.022948526
KAT6A,-0.001769755,0.001769755
KAT6B,-0.009067151,0.009067151
KBTBD6,0.010478891,0.010478891
KBTBD7,0.008234973,0.008234973
KBTBD8,-0.009362365,0.009362365
KCMF1,0.010716967,0.010716967
KCND3,0.0,0.0
KCNG1,0.0,0.0
KCNJ15,-0.025913905,0.025913905
KCNK12,-0.009353135,0.009353135
KCNMB3,0.0,0.0
KCTD3,0.0,0.0
KDM3B,-0.03299659,0.03299659
KDM4B,0.013515804,0.013515804
KDM4D,0.0,0.0
KDM5B,-0.03571003,0.03571003
KHDRBS2,0.0,0.0
KHK,0.0,0.0
KIF13B,0.01743829,0.01743829
KIF18A,0.0,0.0
KIF19,0.0,0.0
KIF20B,0.043326627,0.043326627
KIF21A,-0.0021944325,0.0021944325
KIF27,0.0,0.0
KIF2A,0.0065293163,0.0065293163
KIF3A,0.03537505,0.03537505
KIF3B,-0.045416337,0.045416337
KIF4A,0.0,0.0
KIFAP3,-0.013963047,0.013963047
KIR2DL1,0.0,0.0
KIR2DL3,-0.022044957,0.022044957
KIR3DL1,-0.020624781,0.020624781
KIR3DL2,-0.047448143,0.047448143
KISS1R,0.0,0.0
KLC1,-0.015340749,0.015340749
KLC2,0.0,0.0
KLF5,0.094502844,0.094502844
KLHDC3,-0.10446855,0.10446855
KLHL11,-0.018878853,0.018878853
KLHL20,0.015468473,0.015468473
KLHL22,0.0,0.0
KLHL3,0.0,0.0
KLHL42,0.0,0.0
KLK1,0.0,0.0
KLRB1,0.01854496,0.01854496
KLRC1,-0.05939734,0.05939734
KLRC2,0.04539439,0.04539439
KLRD1,-0.016238526,0.016238526
KLRF1,-0.017284136,0.017284136
KLRG1,-0.047226563,0.047226563
KMT2A,-0.013514176,0.013514176
KNTC1,0.0,0.0
KPNA1,0.0014634281,0.0014634281
KPNA6,0.009441208,0.009441208
KRAS,-0.093467176,0.093467176
KRBA1,0.0,0.0
KREMEN2,0.0,0.0
KRT1,0.0,0.0
KRT18,-0.018496484,0.018496484
KRT2,0.0,0.0
KRT23,0.0,0.0
KRT81,0.0,0.0
KRT86,-0.05220152,0.05220152
KYNU,-0.14756542,0.14756542
LAG3,0.2463559,0.2463559
LAIR2,-0.065005675,0.065005675
LAMA5,0.0,0.0
LAT,-0.14568222,0.14568222
LAT2,0.022230953,0.022230953
LBR,-0.011624604,0.011624604
LCK,-0.12378898,0.12378898
LCMT1,-0.010110151,0.010110151
LCN2,0.0,0.0
LDLR,-0.026848668,0.026848668
LDLRAP1,-0.06858885,0.06858885
LEF1,-0.0034246743,0.0034246743
LEMD2,-0.038759023,0.038759023
LEMD3,0.0,0.0
LEO1,0.012017958,0.012017958
LETM1,-0.0022206418,0.0022206418
LGALS1,-0.14892602,0.14892602
LGALS3,-0.038428247,0.038428247
LGR6,0.0,0.0
LHX4,0.0,0.0
LIAS,-0.0015847888,0.0015847888
LILRA4,0.0,0.0
LIN37,0.035803385,0.035803385
LIN52,0.012228783,0.012228783
LIPC,0.0,0.0
LIPE,0.0,0.0
LIPT1,-0.08157379,0.08157379
LIPT2,0.0,0.0
LMBRD1,0.0030746907,0.0030746907
LMNA,-0.099218905,0.099218905
LMO7,0.0,0.0
LNPEP,0.062205605,0.062205605
LNX1,0.0,0.0
LONRF1,-0.0093064355,0.0093064355
LOXL2,0.0,0.0
LPAR5,0.029659245,0.029659245
LPCAT3,-0.03139548,0.03139548
LPIN1,-0.023551304,0.023551304
LPIN2,-0.035109684,0.035109684
LRFN1,0.0,0.0
LRFN3,-0.0064842235,0.0064842235
LRRC1,0.0,0.0
LRRC7,0.0,0.0
LRTOMT,0.0,0.0
LSM2,0.012005791,0.012005791
LSM6,0.044729322,0.044729322
LSR,-0.08324886,0.08324886
LTA,-0.0058158133,0.0058158133
LTB,-0.13076866,0.13076866
LTB4R,0.0,0.0
LTBP1,0.0,0.0
LTV1,0.08394654,0.08394654
LY6E,2.2450655,2.2450655
LY6G6F,0.0,0.0
LYPD2,0.013645568,0.013645568
LYPD3,0.0,0.0
LYZ,-0.006949961,0.006949961
LZTFL1,0.015393604,0.015393604
MAD1L1,-0.030497365,0.030497365
MAD2L1,-0.0012987489,0.0012987489
MAF,0.036109954,0.036109954
MAFA,0.0,0.0
MAFB,-0.084864765,0.084864765
MAGED2,-0.20981893,0.20981893
MALT1,0.06654368,0.06654368
MAN1A1,-0.01300844,0.01300844
MAN1A2,-0.023340274,0.023340274
MAP1LC3A,-0.015414165,0.015414165
MAP2K1,-0.14711064,0.14711064
MAP2K5,-0.00010544993,0.00010544993
MAP3K1,-0.011268828,0.011268828
MAP3K3,0.0,0.0
MAP3K5,0.0,0.0
MAP3K8,-0.014701888,0.014701888
MAPK13,-0.009067151,0.009067151
MAPK8,-0.027356617,0.027356617
MAPKAPK5,0.035168465,0.035168465
MARS2,0.0,0.0
MATK,-0.027569212,0.027569212
MATN1,0.0,0.0
MATN3,0.0,0.0
MBD1,0.013486734,0.013486734
MBD4,-0.06621133,0.06621133
MBOAT4,0.0,0.0
MBP,-0.045732915,0.045732915
MCEE,-0.052853487,0.052853487
MCFD2,-0.054175615,0.054175615
MCM5,-0.11139427,0.11139427
MCM6,0.014613159,0.014613159
MCM7,-0.0270405,0.0270405
MCOLN3,0.0,0.0
MCPH1,0.020041816,0.020041816
MCU,0.0,0.0
MDC1,0.015591116,0.015591116
MDGA1,0.0,0.0
MDM4,0.03044023,0.03044023
MED11,0.0059217066,0.0059217066
MED16,-0.04729595,0.04729595
MED17,-0.029062621,0.029062621
MED22,-0.0022976454,0.0022976454
MED24,-0.026325312,0.026325312
MED27,0.014522505,0.014522505
MED30,-0.06187588,0.06187588
MED6,-0.05762384,0.05762384
MED9,0.0,0.0
MEF2C,-0.004771039,0.004771039
MEIS1,0.0,0.0
METAP1,0.012079686,0.012079686
METTL21A,0.050057657,0.050057657
METTL22,-0.0018737,0.0018737
MGAT4A,-0.1450815,0.1450815
MGRN1,-0.031904206,0.031904206
MGST2,-0.01151303,0.01151303
MIB2,-0.036726605,0.036726605
MICU3,0.0,0.0
MIS18A,-0.10593024,0.10593024
MIS18BP1,0.072458,0.072458
MLH3,0.015975494,0.015975494
MLLT3,-0.02480951,0.02480951
MLYCD,-0.030028792,0.030028792
MME,0.0,0.0
MMGT1,-0.0146764675,0.0146764675
MMP11,0.0,0.0
MMP24,0.0,0.0
MMP7,0.0,0.0
MMP9,-0.065302335,0.065302335
MMRN1,0.0,0.0
MNAT1,0.025044803,0.025044803
MNDA,0.23609203,0.23609203
MOCOS,0.0,0.0
MOCS1,0.0,0.0
MOCS2,0.014305549,0.014305549
MOCS3,0.018666018,0.018666018
MOGS,-0.066590235,0.066590235
MPHOSPH10,-0.056456268,0.056456268
MPRIP,0.048464615,0.048464615
MPST,0.05893263,0.05893263
MRGBP,0.0,0.0
MRI1,0.017320866,0.017320866
MRM1,-0.017835723,0.017835723
MRPL1,0.0017929375,0.0017929375
MRPL10,0.003206484,0.003206484
MRPL12,0.014460757,0.014460757
MRPL17,-0.025108255,0.025108255
MRPL18,0.051282912,0.051282912
MRPL35,-0.044125915,0.044125915
MRPL39,-0.061932474,0.061932474
MRPL4,-0.03557051,0.03557051
MRPL45,-0.10670929,0.10670929
MRPL46,-0.078731224,0.078731224
MRPL48,0.021557711,0.021557711
MRPL49,0.009119611,0.009119611
MRPS16,0.03453809,0.03453809
MRPS2,-0.006392963,0.006392963
MRPS23,-0.018353283,0.018353283
MRPS24,-0.019795606,0.019795606
MRPS25,0.039041623,0.039041623
MRPS28,-0.0409773,0.0409773
MRPS30,-0.050668664,0.050668664
MRS2,-0.0651404,0.0651404
MSH6,-0.025710918,0.025710918
MSI2,0.05965142,0.05965142
MSMO1,-0.025520284,0.025520284
MT1E,0.02191228,0.02191228
MT1G,0.0,0.0
MT1X,0.046853263,0.046853263
MTA1,0.0,0.0
MTA2,-0.019825166,0.019825166
MTIF3,0.015576661,0.015576661
MTMR1,0.0,0.0
MTMR12,-0.01544207,0.01544207
MTMR6,-0.010606684,0.010606684
MTMR9,0.046985324,0.046985324
MTO1,-0.03682536,0.03682536
MTOR,-0.016182436,0.016182436
MUC12,0.0,0.0
MUTYH,-0.06488323,0.06488323
MVK,0.015688121,0.015688121
MXD4,-0.009182449,0.009182449
MYB,0.046439186,0.046439186
MYBL1,0.0,0.0
MYBL2,0.0,0.0
MYC,0.0054651797,0.0054651797
MYL9,0.04492919,0.04492919
MYLIP,0.0026854575,0.0026854575
MYLK,0.0,0.0
MYO15A,0.0,0.0
MYO18A,0.0,0.0
MYO6,-0.01941524,0.01941524
MYO7A,0.0,0.0
MZT1,0.12653387,0.12653387
NAA30,-0.0768499,0.0768499
NAA35,0.01516049,0.01516049
NABP2,-0.10486942,0.10486942
NAPEPLD,-0.07203493,0.07203493
NAPG,0.015064344,0.015064344
NBR1,-0.013417006,0.013417006
NCALD,0.0,0.0
NCAM1,0.0,0.0
NCAPH,-0.041029193,0.041029193
NCAPH2,0.0068900622,0.0068900622
NCK2,-0.041036066,0.041036066
NCKAP1,0.0,0.0
NCKIPSD,-0.029591756,0.029591756
NCOA3,0.010511873,0.010511873
NCOR2,-0.0034832973,0.0034832973
NCR1,0.0,0.0
NCR3,0.037067275,0.037067275
NCR3LG1,0.0,0.0
NDC1,0.0,0.0
NDC80,0.051273763,0.051273763
NDE1,0.010474935,0.010474935
NDEL1,0.046117775,0.046117775
NDUFAF2,-0.058990337,0.058990337
NDUFAF4,-0.083673686,0.083673686
NDUFAF5,0.010862164,0.010862164
NDUFAF6,-0.011879999,0.011879999
NDUFAF7,-0.072485,0.072485
NDUFV1,-0.058595553,0.058595553
NEB,0.0,0.0
NEDD1,0.045354057,0.045354057
NEIL1,-0.020750463,0.020750463
NELFA,0.0016574841,0.0016574841
NELFCD,-0.07358816,0.07358816
NELL2,-0.057854727,0.057854727
NEO1,0.013486734,0.013486734
NET1,0.0,0.0
NEURL2,0.0,0.0
NFATC2,0.0094428435,0.0094428435
NFATC3,-0.031018611,0.031018611
NFE2,0.02256998,0.02256998
NFKBIA,0.23414242,0.23414242
NFRKB,-0.08437729,0.08437729
NFYB,0.031530004,0.031530004
NHLRC1,0.0,0.0
NICN1,0.0,0.0
NIP7,0.099773705,0.099773705
NIPA1,-0.020020444,0.020020444
NIPAL3,-0.032904662,0.032904662
NIPBL,-0.10925686,0.10925686
NKIRAS1,-0.020878427,0.020878427
NLRC5,0.02856551,0.02856551
NLRX1,-0.017618699,0.017618699
NMB,-0.03928586,0.03928586
NME1,-0.04076861,0.04076861
NME3,-0.04673659,0.04673659
NMRAL1,-0.029269971,0.029269971
NMT2,0.038175695,0.038175695
NMUR1,0.0,0.0
NOG,-0.00042109564,0.00042109564
NOL6,0.0,0.0
NOL9,-0.0197004,0.0197004
NOP58,0.020070419,0.020070419
NOS3,0.0,0.0
NPHP1,0.0,0.0
NPLOC4,0.010212813,0.010212813
NPPC,0.0,0.0
NPRL2,-0.019387593,0.019387593
NR1D1,-0.020558655,0.020558655
NR3C1,0.028129518,0.028129518
NR3C2,-0.03897589,0.03897589
NR4A1,-0.040107865,0.040107865
NR4A2,0.003529489,0.003529489
NR6A1,0.0,0.0
NRG2,0.0,0.0
NRGN,0.05726202,0.05726202
NSMCE1,-0.1451363,0.1451363
NT5C,0.029837957,0.029837957
NT5C3B,-0.010741744,0.010741744
NT5E,0.0,0.0
NT5M,0.014480816,0.014480816
NTHL1,-0.0051088445,0.0051088445
NTNG1,0.0,0.0
NUAK1,0.0,0.0
NUDT13,0.0,0.0
NUDT18,0.014574025,0.014574025
NUDT2,-0.041598994,0.041598994
NUDT21,0.0040077493,0.0040077493
NUDT5,-0.1307495,0.1307495
NUF2,0.01797372,0.01797372
NUMA1,0.011416725,0.011416725
NUP107,-0.020444412,0.020444412
NUP160,-0.04010716,0.04010716
NUP188,-0.017321391,0.017321391
NUP210,-0.04335116,0.04335116
NUP35,0.0084887855,0.0084887855
NUP54,0.028277691,0.028277691
NUP62,0.054678246,0.054678246
NUP88,-0.09919873,0.09919873
NUS1,0.10021433,0.10021433
OASL,1.0648019,1.0648019
OAT,0.058852468,0.058852468
OBSCN,0.0,0.0
OCRL,-0.016821265,0.016821265
ODC1,-0.02585879,0.02585879
OFD1,0.020694971,0.020694971
OGT,-0.043471076,0.043471076
OMG,0.0,0.0
OPA1,0.056129545,0.056129545
OPHN1,0.0,0.0
OPRM1,0.0,0.0
ORAI1,-0.04745353,0.04745353
ORC1,0.0,0.0
ORC4,0.018367177,0.018367177
ORC5,0.0027704313,0.0027704313
ORC6,-0.022147005,0.022147005
ORMDL3,0.027854264,0.027854264
OSBPL2,-0.022953734,0.022953734
OSBPL5,0.03471171,0.03471171
OSBPL6,0.0,0.0
OSBPL7,0.0,0.0
OSM,-0.08048525,0.08048525
OTUD3,-0.019318443,0.019318443
OTUD7B,-0.022044957,0.022044957
OXA1L,0.00028796494,0.00028796494
OXCT1,-0.011682883,0.011682883
OXT,0.0,0.0
OXTR,0.0,0.0
P2RX5,0.03409984,0.03409984
P2RY10,-0.095899194,0.095899194
P2RY14,0.024231225,0.024231225
PABPC1,-0.64227223,0.64227223
PACS1,0.0,0.0
PACSIN1,0.0,0.0
PADI4,0.015975494,0.015975494
PAFAH2,0.0,0.0
PANK1,0.0,0.0
PANK3,-0.019297836,0.019297836
PAOX,-0.019832578,0.019832578
PAQR3,0.0,0.0
PARD3,0.0,0.0
PARD6A,-0.00079205446,0.00079205446
PARD6B,0.0,0.0
PARD6G,0.0,0.0
PARG,-0.016741578,0.016741578
PARP1,-0.068460375,0.068460375
PARP16,-0.039946247,0.039946247
PARP2,-0.0033929413,0.0033929413
PAXIP1,-0.020558655,0.020558655
PBX1,0.0,0.0
PCBP4,-0.017150326,0.017150326
PCF11,-0.032584473,0.032584473
PCGF2,0.0,0.0
PCGF6,0.019228643,0.019228643
PCK2,0.03395142,0.03395142
PCM1,-0.05550396,0.05550396
PCNA,-0.009888969,0.009888969
PCOLCE,0.0,0.0
PCP2,0.0,0.0
PCYOX1L,0.0,0.0
PCYT2,-0.03645335,0.03645335
PDCD1,0.0,0.0
PDCD4,0.17726561,0.17726561
PDCD7,0.050086074,0.050086074
PDE3B,-0.011596296,0.011596296
PDE4B,0.0001630187,0.0001630187
PDE4C,-0.01075359,0.01075359
PDE4D,0.0069857053,0.0069857053
PDE5A,0.017443936,0.017443936
PDE6A,0.020448195,0.020448195
PDE6B,-0.019450428,0.019450428
PDE7B,0.0,0.0
PDE9A,0.0,0.0
PDGFA,0.0,0.0
PDGFD,-0.022147005,0.022147005
PDGFRA,0.0,0.0
PDGFRB,0.0,0.0
PDHA1,-0.026023544,0.026023544
PDHX,0.008199222,0.008199222
PDK1,0.019360017,0.019360017
PDK2,0.0028939191,0.0028939191
PDK3,0.05700124,0.05700124
PDP2,0.0,0.0
PDS5A,-0.0277505,0.0277505
PDS5B,0.031078383,0.031078383
PELI3,0.0,0.0
PELP1,-0.018496484,0.018496484
PER1,0.0,0.0
PER2,-0.02940712,0.02940712
PERP,-0.00063706934,0.00063706934
PEX11B,-0.089044966,0.089044966
PEX12,0.0,0.0
PEX19,0.017980356,0.017980356
PEX2,0.0022194088,0.0022194088
PEX3,-0.025287807,0.025287807
PF4,0.08773417,0.08773417
PFDN1,-0.056445517,0.056445517
PGAM5,0.0,0.0
PGAP1,0.051159404,0.051159404
PGM2L1,-0.008196183,0.008196183
PGRMC1,0.036227066,0.036227066
PGS1,-0.030492656,0.030492656
PHB2,-0.0024769455,0.0024769455
PHC1,0.01918419,0.01918419
PHC2,0.01977847,0.01977847
PHC3,-0.00064397603,0.00064397603
PHF1,-0.021960422,0.021960422
PHF21A,0.021190966,0.021190966
PHIP,0.0018751845,0.0018751845
PHKG2,-0.10450709,0.10450709
PHLDA1,-0.22486392,0.22486392
PIAS2,-0.020895664,0.020895664
PIF1,0.0,0.0
PIGA,0.00013246946,0.00013246946
PIGB,-0.017618699,0.017618699
PIGH,-0.0017012656,0.0017012656
PIGK,0.035623536,0.035623536
PIGL,-0.019825166,0.019825166
PIGN,0.019770402,0.019770402
PIGX,0.032943998,0.032943998
PIK3C2B,0.0,0.0
PIK3CB,0.0016870536,0.0016870536
PIK3CD,-0.058241844,0.058241844
PIK3CG,0.007601818,0.007601818
PIK3R1,0.1183849,0.1183849
PIK3R4,0.02900332,0.02900332
PILRB,0.019925334,0.019925334
PIM1,0.0032193363,0.0032193363
PINK1,0.0,0.0
PIP4K2C,0.0,0.0
PITPNM2,0.0,0.0
PJA1,0.030108215,0.030108215
PLA2G12A,0.03572964,0.03572964
PLA2G7,-0.05745083,0.05745083
PLAC8,0.50534153,0.50534153
PLAGL1,0.00057381485,0.00057381485
PLAU,-0.027182033,0.027182033
PLAUR,-0.24367559,0.24367559
PLCB2,0.0,0.0
PLCD1,0.016939297,0.016939297
PLCG1,0.0,0.0
PLEK,0.14962626,0.14962626
PLEKHA1,0.018613905,0.018613905
PLEKHA2,0.026786868,0.026786868
PLEKHA5,-0.0273543,0.0273543
PLEKHA8,-0.01298125,0.01298125
PLEKHG1,0.0,0.0
PLIN2,-0.12113772,0.12113772
PLK2,0.01797372,0.01797372
PLK3,-0.063146524,0.063146524
PLOD2,0.0,0.0
PLTP,0.01909617,0.01909617
PMAIP1,0.20228022,0.20228022
PMCH,0.0,0.0
PMEPA1,0.017281644,0.017281644
PNO1,-0.07250798,0.07250798
PNOC,0.0,0.0
POLA1,0.0,0.0
POLB,0.0066885836,0.0066885836
POLD1,-0.005668778,0.005668778
POLD3,-0.017813694,0.017813694
POLE,0.018411636,0.018411636
POLH,-0.004136361,0.004136361
POLR1A,0.0,0.0
POLR1E,0.017905049,0.017905049
POLR2A,0.008877711,0.008877711
POLR2B,-0.07465574,0.07465574
POLR2C,0.07963543,0.07963543
POLR2K,-0.014027938,0.014027938
POLR3A,-0.010915439,0.010915439
POLR3D,-0.0059488835,0.0059488835
POLR3G,-0.013752159,0.013752159
POMK,0.0,0.0
POP5,-0.062158555,0.062158555
POP7,-0.116153166,0.116153166
PORCN,-0.0104536135,0.0104536135
POT1,-0.018003324,0.018003324
POU2F1,0.0014997991,0.0014997991
POU3F1,0.0,0.0
PPAT,0.03517964,0.03517964
PPBP,0.11024243,0.11024243
PPIH,-0.1263542,0.1263542
PPIL4,-0.094746694,0.094746694
PPIP5K2,-0.013823178,0.013823178
PPM1A,-0.01369524,0.01369524
PPP1R14A,0.02256998,0.02256998
PPP2R2D,-0.009214469,0.009214469
PPP2R5A,-0.0004715547,0.0004715547
PPP3CA,-0.0056486093,0.0056486093
PPT1,-0.102745526,0.102745526
PPWD1,-0.020714298,0.020714298
PRC1,-0.018328007,0.018328007
PREB,0.03464288,0.03464288
PREX1,-0.024588991,0.024588991
PRIM1,-0.074945346,0.074945346
PRKAB1,1.7764047e-05,1.7764047e-05
PRKACB,0.05286429,0.05286429
PRKAR1B,-0.027336001,0.027336001
PRKAR2B,0.0,0.0
PRKCH,-0.15736607,0.15736607
PRKCI,-0.01075359,0.01075359
PRKCQ,-0.0006219968,0.0006219968
PRKCZ,-0.018496484,0.018496484
PRKD3,0.023419894,0.023419894
PRMT1,-0.22231616,0.22231616
PRMT3,0.058353588,0.058353588
PRMT6,-0.012932161,0.012932161
PRMT7,0.052067183,0.052067183
PRNP,0.059307992,0.059307992
PROK2,0.0,0.0
PROS1,0.02256998,0.02256998
PRPS2,0.0070511624,0.0070511624
PRR5,0.13955528,0.13955528
PRSS1,0.0,0.0
PRSS23,0.001803372,0.001803372
PRX,0.0,0.0
PSAT1,0.0347811,0.0347811
PSMB11,0.0,0.0
PSMD3,0.038053617,0.038053617
PSTK,0.042560868,0.042560868
PSTPIP1,0.0,0.0
PTCD3,0.0020381007,0.0020381007
PTCRA,-0.020750463,0.020750463
PTGDR,0.0,0.0
PTGDS,-0.0044639837,0.0044639837
PTGER4,0.10866676,0.10866676
PTK2B,0.016750697,0.016750697
PTK6,0.0,0.0
PTPN14,0.0,0.0
PTPN22,-0.10686909,0.10686909
PTPN4,-0.013581581,0.013581581
PTPN7,-0.023955982,0.023955982
PTPRB,0.0,0.0
PTPRN2,0.0,0.0
PTTG1,-0.007952057,0.007952057
PTX3,0.019788703,0.019788703
PUM1,0.04103778,0.04103778
PUS3,0.12229011,0.12229011
PVALB,0.013302264,0.013302264
PWP2,0.016042754,0.016042754
PXMP4,0.021474708,0.021474708
QDPR,-0.037548088,0.037548088
QPRT,0.0,0.0
QTRT1,-0.09322133,0.09322133
RAB27A,-0.034207784,0.034207784
RAB27B,-0.021994466,0.021994466
RAB30,-0.03388177,0.03388177
RAB33A,-0.010004543,0.010004543
RAB33B,-0.0028960332,0.0028960332
RAB37,0.0,0.0
RAB39B,0.01918419,0.01918419
RAB3GAP2,0.01899103,0.01899103
RAB3IL1,0.0,0.0
RABEP1,-0.026146658,0.026146658
RAD1,-0.0045649614,0.0045649614
RAD18,0.0127284,0.0127284
RAD23B,-0.085774586,0.085774586
RAD51C,-0.03809387,0.03809387
RALBP1,-0.0539104,0.0539104
RALGAPA1,0.05769913,0.05769913
RALGAPB,-0.029868526,0.029868526
RAMP1,-0.033170767,0.033170767
RANGRF,-0.063089415,0.063089415
RAPGEF3,0.0,0.0
RARA,0.06367009,0.06367009
RASA3,-0.045815732,0.045815732
RASGRF2,0.0,0.0
RASGRP2,-0.067580685,0.067580685
RBBP7,-0.09088996,0.09088996
RBFOX2,0.0,0.0
RBL1,0.013486734,0.013486734
RBM17,-0.04498689,0.04498689
RBM28,-0.075549275,0.075549275
RBM4,-0.010762278,0.010762278
RDH13,-0.025182901,0.025182901
RECK,-0.012932161,0.012932161
REL,-0.030606598,0.030606598
RFC1,-0.005903721,0.005903721
RFC3,0.0,0.0
RFC5,-0.0429439,0.0429439
RGP1,-0.012586486,0.012586486
RGS1,0.37081635,0.37081635
RGS10,8.8870525e-05,8.8870525e-05
RGS13,0.0,0.0
RGS16,0.0024282336,0.0024282336
RGS17,0.0,0.0
RGS18,0.0,0.0
RGS2,-0.2612787,0.2612787
RGS3,0.01909617,0.01909617
RGS5,0.0,0.0
RGS9,0.0,0.0
RHNO1,-0.036584623,0.036584623
RHOBTB3,0.026599988,0.026599988
RHOH,-0.14652357,0.14652357
RHOT1,0.012044609,0.012044609
RHOT2,0.0369628,0.0369628
RICTOR,0.0672993,0.0672993
RIF1,0.10290681,0.10290681
RINL,0.0,0.0
RIOK1,-0.027601419,0.027601419
RMI2,0.0,0.0
RNASE1,0.010862164,0.010862164
RNF125,0.07626143,0.07626143
RNF126,0.007106455,0.007106455
RNF138,0.0004858598,0.0004858598
RNF139,-0.003517259,0.003517259
RNF144A,0.0,0.0
RNF146,-0.047918025,0.047918025
RNF152,0.0,0.0
RNF19A,-0.08679445,0.08679445
RNF216,0.010639584,0.010639584
RNU12,0.0,0.0
ROBO3,-0.022055095,0.022055095
RORA,-0.033548802,0.033548802
RORB,0.0,0.0
RPA1,0.010314329,0.010314329
RPA4,0.0,0.0
RPAP2,0.0390715,0.0390715
RPEL1,0.0,0.0
RPIA,-0.0015829504,0.0015829504
RPL32,-0.015328407,0.015328407
RPL39L,-0.023923919,0.023923919
RPP14,-0.0057806578,0.0057806578
RPPH1,0.0,0.0
RPRD2,0.014926583,0.014926583
RPS14,-0.32297587,0.32297587
RPS3,-0.36507607,0.36507607
RPS4X,-0.4576862,0.4576862
RPS6KA2,0.0,0.0
RPS6KA5,0.00041091256,0.00041091256
RPS6KB1,-0.017274477,0.017274477
RRAS2,0.054521553,0.054521553
RRM1,-0.021892525,0.021892525
RRM2,0.0,0.0
RRN3,-0.0038062632,0.0038062632
RRP9,-0.049800947,0.049800947
RSAD2,1.6075121,1.6075121
RTKN,-0.022147005,0.022147005
RUFY1,-0.015240636,0.015240636
RUVBL1,-0.016614746,0.016614746
RUVBL2,-0.010901846,0.010901846
RXRB,-0.010226589,0.010226589
S100A11,0.11933017,0.11933017
S100A12,-0.06349147,0.06349147
S100A8,-0.3128703,0.3128703
S100A9,-0.093678415,0.093678415
S100B,0.0,0.0
S1PR1,-0.07643507,0.07643507
S1PR4,-0.106496215,0.106496215
S1PR5,0.017790785,0.017790785
SACM1L,0.0026444793,0.0026444793
SAE1,-0.09158367,0.09158367
SAMM50,0.008040566,0.008040566
SAP130,0.0,0.0
SAP30,0.0,0.0
SARS2,0.004448653,0.004448653
SAT1,1.2464767,1.2464767
SATB1,0.08729826,0.08729826
SATB2,0.0,0.0
SBF1,-0.016016291,0.016016291
SC5D,-0.009714797,0.009714797
SCAMP1,-0.09846342,0.09846342
SCARF1,0.0,0.0
SCCPDH,-0.009067151,0.009067151
SCD5,0.018666018,0.018666018
SCFD1,-0.0009070933,0.0009070933
SCG3,0.0,0.0
SCMH1,0.0,0.0
SCN1B,0.0,0.0
SCO1,0.004759293,0.004759293
SCT,0.0,0.0
SDCCAG8,-0.013349205,0.013349205
SDS,0.13699934,0.13699934
SEC11C,0.05612439,0.05612439
SEC24C,0.0025279801,0.0025279801
SECISBP2,-0.044952895,0.044952895
SELP,0.0,0.0
SELPLG,-0.037855875,0.037855875
SEMA4D,-0.047449403,0.047449403
SEMA4F,0.0,0.0
SENP3,0.0,0.0
SENP5,-0.01702251,0.01702251
SEPSECS,0.0,0.0
SERINC4,0.0,0.0
SERPINB1,0.13827246,0.13827246
SERPINB2,-0.029470712,0.029470712
SERPINE2,0.038589522,0.038589522
SERPINH1,0.012281555,0.012281555
SESN1,0.053215384,0.053215384
SESN2,0.029558558,0.029558558
SESN3,-0.036747877,0.036747877
SETD2,-0.049248353,0.049248353
SF3B3,0.0011677667,0.0011677667
SH2B1,-0.0045186356,0.0045186356
SH2D1A,-0.009685427,0.009685427
SH2D1B,0.03218587,0.03218587
SH2D2A,-0.081808925,0.081808925
SHMT2,-0.022184126,0.022184126
SHPRH,0.009879084,0.009879084
SIAH2,-0.022247657,0.022247657
SIGLEC7,-0.01984742,0.01984742
SIKE1,-0.025220573,0.025220573
SIRT3,-0.022343615,0.022343615
SIRT5,-0.0311788,0.0311788
SKP2,-0.052325174,0.052325174
SLA,0.060881756,0.060881756
SLA2,0.020516053,0.020516053
SLAMF6,0.08987061,0.08987061
SLC12A2,0.0,0.0
SLC12A4,-0.01182667,0.01182667
SLC14A1,0.0,0.0
SLC15A4,-0.048954625,0.048954625
SLC16A1,-0.01755497,0.01755497
SLC16A7,0.0,0.0
SLC19A2,-0.022592016,0.022592016
SLC1A7,0.0,0.0
SLC25A1,-0.02241833,0.02241833
SLC25A12,0.0003611613,0.0003611613
SLC25A16,0.0,0.0
SLC25A20,0.0,0.0
SLC25A26,0.00027447194,0.00027447194
SLC25A37,0.0058061555,0.0058061555
SLC25A4,-0.061282992,0.061282992
SLC26A2,0.0,0.0
SLC27A2,0.035986885,0.035986885
SLC27A4,0.0,0.0
SLC2A1,-0.00027750432,0.00027750432
SLC2A14,0.0,0.0
SLC2A3,0.0075681508,0.0075681508
SLC2A5,0.0,0.0
SLC2A8,-0.038791902,0.038791902
SLC2A9,0.0,0.0
SLC30A5,0.02401048,0.02401048
SLC35A1,0.046044603,0.046044603
SLC35A2,-0.07628888,0.07628888
SLC35B3,-0.04763514,0.04763514
SLC37A4,0.0,0.0
SLC38A1,0.0013988167,0.0013988167
SLC39A10,-0.022147005,0.022147005
SLC39A3,-0.109826416,0.109826416
SLC39A4,-0.00078441016,0.00078441016
SLC39A6,0.03478656,0.03478656
SLC41A1,-0.020525822,0.020525822
SLC44A2,0.05463896,0.05463896
SLC4A4,0.0,0.0
SLC4A5,0.0,0.0
SLC4A7,-0.01111793,0.01111793
SLC6A4,0.0,0.0
SLC7A5,0.04290444,0.04290444
SLC9B1,-0.01850258,0.01850258
SLCO3A1,-0.028017594,0.028017594
SLCO4C1,0.0,0.0
SMAD3,-0.012932161,0.012932161
SMAD5,0.0,0.0
SMAD7,-0.016534086,0.016534086
SMARCA2,0.016453307,0.016453307
SMARCD3,0.0,0.0
SMC2,0.029560588,0.029560588
SMC4,-0.040316775,0.040316775
SMC6,-0.098885216,0.098885216
SMG6,0.0081566535,0.0081566535
SMN2,-0.018003324,0.018003324
SMNDC1,-0.005337823,0.005337823
SMOX,0.013302264,0.013302264
SMPD3,0.0,0.0
SMS,-0.0022544712,0.0022544712
SMUG1,0.0033402797,0.0033402797
SNAI1,-0.01639929,0.01639929
SNAPC1,-0.007406097,0.007406097
SNAPIN,-0.046264023,0.046264023
SNCA,0.030635763,0.030635763
SNRNP200,-0.06465161,0.06465161
SNRNP25,-0.019300602,0.019300602
SNRNP48,-0.06842997,0.06842997
SNRPA,-0.018852655,0.018852655
SNX5,0.14917754,0.14917754
SOCS1,0.92612827,0.92612827
SOCS2,0.001977371,0.001977371
SOCS3,0.15756918,0.15756918
SOCS4,-0.0030062404,0.0030062404
SOCS5,0.0,0.0
SOD2,0.17977548,0.17977548
SOS2,-0.043414697,0.043414697
SOX13,0.0,0.0
SOX4,0.0,0.0
SPARC,0.045455858,0.045455858
SPATA13,0.075825915,0.075825915
SPIDR,-0.017813694,0.017813694
SPINT2,-0.123757385,0.123757385
SPN,-0.049586095,0.049586095
SPON2,-0.05428455,0.05428455
SPOPL,0.0,0.0
SPP1,0.0,0.0
SPRED3,0.0,0.0
SPRY1,0.0010670479,0.0010670479
SPTA1,0.0,0.0
SPTAN1,-0.02256104,0.02256104
SPTBN1,-0.07626316,0.07626316
SPTBN4,0.0,0.0
SPTSSB,0.0,0.0
SRF,-0.0065413257,0.0065413257
SRGAP3,0.0,0.0
SRP68,0.059587993,0.059587993
SRPK1,-0.015562139,0.015562139
SRPK2,-0.07727508,0.07727508
SRPRB,-0.028923593,0.028923593
SRRT,-0.039967544,0.039967544
SRSF1,-0.022460833,0.022460833
SRSF11,-0.14558598,0.14558598
SRSF2,-0.07253966,0.07253966
SRSF3,-0.0071701407,0.0071701407
ST3GAL1,-0.071217455,0.071217455
ST3GAL3,0.014480816,0.014480816
ST3GAL4,0.0,0.0
ST6GAL1,-0.04767658,0.04767658
ST6GALNAC3,-0.01182667,0.01182667
ST6GALNAC6,0.06957012,0.06957012
ST8SIA1,0.0,0.0
ST8SIA6,0.0,0.0
STAG1,-0.03463774,0.03463774
STAG3,0.016359378,0.016359378
STAMBP,-0.039027907,0.039027907
STARD10,-0.01298125,0.01298125
STARD13,0.0,0.0
STAT5B,-0.011427775,0.011427775
STK11,0.0,0.0
STMN1,-0.05053349,0.05053349
STRAP,-0.055692405,0.055692405
STT3A,-0.04320949,0.04320949
STX10,-0.13522899,0.13522899
STX17,0.04914685,0.04914685
STX18,-0.0021453612,0.0021453612
STX1A,0.021153793,0.021153793
STX1B,0.0,0.0
SUCLA2,-0.056777336,0.056777336
SUCLG2,0.055283897,0.055283897
SULT1C4,0.0,0.0
SUMF1,0.0,0.0
SUN1,-0.037178796,0.037178796
SUN2,-0.10056882,0.10056882
SUPT6H,0.054940805,0.054940805
SUV39H1,0.0,0.0
SVIP,0.07400918,0.07400918
SYCE1,0.0,0.0
SYCE2,0.0,0.0
SYCP3,0.0,0.0
SYDE2,0.0,0.0
SYNE1,0.051939994,0.051939994
SYNE2,0.13795027,0.13795027
SYNGR1,-0.021357318,0.021357318
SYP,0.0,0.0
SYT11,-0.017150326,0.017150326
SYTL1,0.0045684427,0.0045684427
SYTL4,0.0,0.0
TAB1,-0.018878853,0.018878853
TADA1,0.0,0.0
TADA3,0.009434901,0.009434901
TAF1C,0.0,0.0
TAF1D,-0.13563865,0.13563865
TAF3,0.05542176,0.05542176
TAF4,-0.0034745093,0.0034745093
TAF4B,0.015169665,0.015169665
TAF7,-0.038668573,0.038668573
TAF8,0.030057028,0.030057028
TAGAP,0.041838214,0.041838214
TAGLN2,-0.054501265,0.054501265
TAL1,0.0,0.0
TAOK1,0.011572711,0.011572711
TAS2R14,0.0,0.0
TBC1D1,0.13174255,0.13174255
TBC1D10C,-0.04535429,0.04535429
TBC1D13,-0.018937148,0.018937148
TBCB,-0.0838733,0.0838733
TBCD,-0.07261013,0.07261013
TBL1X,-0.0565251,0.0565251
TBL1XR1,-0.011713123,0.011713123
TBXA2R,0.0,0.0
TCF7L1,0.0,0.0
TCP1,-0.018515259,0.018515259
TCTN1,0.034592528,0.034592528
TCTN2,0.0,0.0
TDP1,-0.06865589,0.06865589
TERF1,-0.018397987,0.018397987
TEX10,-0.0017353771,0.0017353771
TEX2,0.0,0.0
TFDP2,0.055792436,0.055792436
TFIP11,-0.029090054,0.029090054
TGFB3,0.0,0.0
THBS1,-0.11915588,0.11915588
THBS3,0.0,0.0
THBS4,0.0,0.0
THOC1,-0.07660384,0.07660384
THRA,0.01773283,0.01773283
THUMPD1,0.04263904,0.04263904
TIA1,0.024094485,0.024094485
TIFA,0.050003696,0.050003696
TIMM10B,-0.005178746,0.005178746
TIMM17A,-0.102595575,0.102595575
TIMM22,-0.030822702,0.030822702
TIMM9,0.00037991256,0.00037991256
TIMP1,-0.27395165,0.27395165
TIRAP,0.012281555,0.012281555
TK1,0.0,0.0
TLE1,-0.021405416,0.021405416
TLE2,0.0,0.0
TLE3,-0.063480295,0.063480295
TLR3,0.029198484,0.029198484
TLR6,-0.0138471415,0.0138471415
TLR9,0.0,0.0
TM7SF2,0.0,0.0
TMED3,-0.048634358,0.048634358
TMEM129,-0.025229424,0.025229424
TMEM186,0.0022497438,0.0022497438
TMEM67,0.015904563,0.015904563
TMOD1,-0.017326493,0.017326493
TMOD4,0.0,0.0
TMPO,0.017059974,0.017059974
TMSB4X,0.00069475174,0.00069475174
TMX3,0.0114892535,0.0114892535
TNF,0.040036958,0.040036958
TNFAIP1,-0.021574968,0.021574968
TNFAIP6,0.21913913,0.21913913
TNFAIP8L1,-0.021826023,0.021826023
TNFRSF10A,0.012544753,0.012544753
TNFRSF10B,0.014009353,0.014009353
TNFRSF10C,0.0,0.0
TNFRSF13B,0.03799115,0.03799115
TNFRSF13C,-0.0062987916,0.0062987916
TNFRSF17,0.0,0.0
TNFRSF18,0.009879611,0.009879611
TNFRSF25,-0.14742206,0.14742206
TNFRSF4,0.17067336,0.17067336
TNFRSF9,0.01507917,0.01507917
TNFSF10,1.5842634,1.5842634
TNFSF13B,0.62354136,0.62354136
TNFSF14,-0.045383032,0.045383032
TNFSF4,0.003583963,0.003583963
TNFSF9,0.0,0.0
TNIK,-0.011409581,0.011409581
TNKS,0.019925334,0.019925334
TNKS1BP1,0.0,0.0
TNKS2,-0.035355993,0.035355993
TNNC2,0.0,0.0
TNNT3,0.0,0.0
TNRC6B,0.11287079,0.11287079
TNRC6C,-0.020938942,0.020938942
TNS4,0.0,0.0
TOP2A,0.0,0.0
TOP3A,0.024189793,0.024189793
TOPORS,0.014775582,0.014775582
TPCN1,0.0,0.0
TPD52,0.09170716,0.09170716
TPD52L1,0.0,0.0
TPM1,0.026777346,0.026777346
TPSAB1,0.0,0.0
TPST1,-0.07139816,0.07139816
TPST2,-0.112247474,0.112247474
TRAF3,0.011844143,0.011844143
TRAF3IP1,0.0,0.0
TRAK2,-0.002364207,0.002364207
TRAPPC10,-0.026827367,0.026827367
TRAPPC13,-0.011603434,0.011603434
TRAPPC2,0.014030689,0.014030689
TRAT1,0.10418275,0.10418275
TREML1,0.020977547,0.020977547
TRH,-0.012446555,0.012446555
TRIAP1,-0.10864419,0.10864419
TRIB1,-0.0067492994,0.0067492994
TRIB3,0.017215911,0.017215911
TRIM2,0.0,0.0
TRIM28,0.004095272,0.004095272
TRIM32,-0.016727619,0.016727619
TRIM33,-0.016160045,0.016160045
TRIM37,0.017673995,0.017673995
TRIM4,-0.0457881,0.0457881
TRIM45,0.0,0.0
TRIM62,0.0,0.0
TRIP11,0.030165516,0.030165516
TRMT10A,0.0,0.0
TRMT11,0.017845923,0.017845923
TRMT12,0.032023408,0.032023408
TRMT13,0.034818534,0.034818534
TRMT61B,-0.049638346,0.049638346
TRMU,-0.006273534,0.006273534
TRNT1,-0.1252797,0.1252797
TRPC1,0.0,0.0
TRPM7,0.024632916,0.024632916
TSC22D1,0.08462134,0.08462134
TSC22D3,-0.17339045,0.17339045
TSEN15,-0.05137116,0.05137116
TSEN54,-0.10973071,0.10973071
TSNAX,0.06908452,0.06908452
TSPAN15,0.0,0.0
TSPYL2,0.01934109,0.01934109
TSR1,0.015830098,0.015830098
TTC37,-0.018694362,0.018694362
TTC5,-0.0025221258,0.0025221258
TTF1,-0.0716384,0.0716384
TTLL1,-0.022055095,0.022055095
TTLL11,0.0,0.0
TTLL5,0.0,0.0
TUBA4A,-0.057859555,0.057859555
TUBB1,0.057085756,0.057085756
TUBB2A,0.02260594,0.02260594
TUBGCP4,-0.03947064,0.03947064
TXK,-0.0058838855,0.0058838855
TXN,0.38378894,0.38378894
TXNIP,-0.04781291,0.04781291
TXNL4A,0.021649428,0.021649428
TYMP,0.58692044,0.58692044
TYROBP,-0.0020893812,0.0020893812
TYSND1,0.011946613,0.011946613
TYW3,-0.01684529,0.01684529
U2AF1L4,-0.021881498,0.021881498
UAP1,-0.064944595,0.064944595
UBA5,0.015616886,0.015616886
UBAC1,0.0026429258,0.0026429258
UBB,0.21649969,0.21649969
UBC,0.50500333,0.50500333
UBE2C,0.0115970615,0.0115970615
UBE2D4,0.017703345,0.017703345
UBE2G1,-0.0774266,0.0774266
UBE2G2,0.085761175,0.085761175
UBE2K,-0.03321655,0.03321655
UBE3D,-0.0046300553,0.0046300553
UBL4A,0.029546794,0.029546794
UBOX5,0.029058963,0.029058963
UBXN7,-0.021461256,0.021461256
UCKL1,0.014909107,0.014909107
UHMK1,0.033290356,0.033290356
UHRF2,0.0054656453,0.0054656453
ULBP2,-0.009067151,0.009067151
UNC13B,0.0,0.0
UNKL,0.00550483,0.00550483
UPF1,0.03041941,0.03041941
UPF3A,-0.04709041,0.04709041
UPF3B,-0.009559743,0.009559743
USP14,0.049579084,0.049579084
USP28,0.015051562,0.015051562
USP30,0.01188798,0.01188798
USP33,0.02073103,0.02073103
USP34,-0.08731316,0.08731316
USP42,0.0615492,0.0615492
USP46,0.0062697297,0.0062697297
USP47,-0.064596236,0.064596236
USP48,-0.077884756,0.077884756
UTP14A,-0.011523164,0.011523164
UTP15,0.022090765,0.022090765
UTP18,-0.11192109,0.11192109
UTP3,-0.03595435,0.03595435
UTRN,0.0211295,0.0211295
UVRAG,0.055998214,0.055998214
VAMP1,0.0,0.0
VAMP4,0.009002294,0.009002294
VASH1,-0.011713123,0.011713123
VBP1,0.09838191,0.09838191
VCAM1,0.0,0.0
VCAN,-0.23777524,0.23777524
VCPKMT,0.026087426,0.026087426
VDAC3,-0.17422237,0.17422237
VIPR2,0.0,0.0
VNN2,0.005885273,0.005885273
VPS37A,-0.07520561,0.07520561
VPS37B,0.013515629,0.013515629
VPS45,0.007878306,0.007878306
VPS52,0.0,0.0
VPS72,-0.05994009,0.05994009
WARS2,-0.024575157,0.024575157
WASL,-0.0062433127,0.0062433127
WBP11,-0.07747701,0.07747701
WDR20,-0.03619729,0.03619729
WDR33,-0.2803894,0.2803894
WDR36,0.005519297,0.005519297
WDR46,-0.09298132,0.09298132
WDR61,-0.031844907,0.031844907
WDR83,-0.028900295,0.028900295
WHAMM,0.10836572,0.10836572
WIPI1,0.05161186,0.05161186
WNT7A,0.0,0.0
WRAP53,-0.009067151,0.009067151
WRN,0.0,0.0
WWOX,-0.009067151,0.009067151
XBP1,0.24151954,0.24151954
XCL1,0.030521253,0.030521253
XCL2,0.015934914,0.015934914
XPC,0.007564582,0.007564582
XPNPEP2,0.0,0.0
XPOT,0.014476217,0.014476217
XRCC2,0.0,0.0
YAF2,-0.012014542,0.012014542
YARS2,-0.0011272393,0.0011272393
YEATS4,-0.010374337,0.010374337
YES1,0.0,0.0
YPEL5,-0.16067797,0.16067797
YY1,-0.016235784,0.016235784
ZAP70,0.047343377,0.047343377
ZBTB16,-0.042711385,0.042711385
ZC3H11A,0.022038851,0.022038851
ZC3H8,-0.02006565,0.02006565
ZC3HC1,0.023489673,0.023489673
ZDHHC7,-0.01840357,0.01840357
ZEB1,0.045887712,0.045887712
ZFP1,0.01918419,0.01918419
ZFP14,0.014271744,0.014271744
ZFP30,-0.019387593,0.019387593
ZFP69B,0.0,0.0
ZFP90,-0.04444342,0.04444342
ZFYVE9,-0.018268852,0.018268852
ZIK1,0.0,0.0
ZKSCAN1,-0.08770052,0.08770052
ZKSCAN4,-0.0197004,0.0197004
ZKSCAN7,0.0,0.0
ZKSCAN8,0.0,0.0
ZMYM2,-0.029751029,0.029751029
ZNF10,-0.045102462,0.045102462
ZNF12,0.0,0.0
ZNF124,0.0,0.0
ZNF131,0.04036341,0.04036341
ZNF133,-0.013398282,0.013398282
ZNF136,-0.010967925,0.010967925
ZNF138,0.035000734,0.035000734
ZNF14,0.031475283,0.031475283
ZNF143,0.004135184,0.004135184
ZNF154,-0.019656898,0.019656898
ZNF160,-0.016630653,0.016630653
ZNF169,0.03321789,0.03321789
ZNF18,0.0042047855,0.0042047855
ZNF184,-0.0019436572,0.0019436572
ZNF19,0.0005245395,0.0005245395
ZNF2,0.0,0.0
ZNF20,0.0,0.0
ZNF202,0.0,0.0
ZNF211,-0.070034236,0.070034236
ZNF217,0.047451235,0.047451235
ZNF224,-0.08221191,0.08221191
ZNF227,0.017443936,0.017443936
ZNF233,0.0,0.0
ZNF235,0.014988061,0.014988061
ZNF248,0.0,0.0
ZNF25,0.0022908617,0.0022908617
ZNF250,0.02005862,0.02005862
ZNF256,-0.004050035,0.004050035
ZNF26,0.0,0.0
ZNF263,0.037302576,0.037302576
ZNF264,-0.030771945,0.030771945
ZNF268,-0.019387593,0.019387593
ZNF273,0.037135974,0.037135974
ZNF282,-0.020666426,0.020666426
ZNF3,-0.019795606,0.019795606
ZNF324B,0.0,0.0
ZNF331,-0.007778704,0.007778704
ZNF337,0.0,0.0
ZNF33A,0.007497512,0.007497512
ZNF33B,-0.06580599,0.06580599
ZNF354A,-0.10712298,0.10712298
ZNF354B,-0.018031675,0.018031675
ZNF382,0.0,0.0
ZNF398,0.013254486,0.013254486
ZNF419,0.0,0.0
ZNF420,-0.013721738,0.013721738
ZNF426,0.0,0.0
ZNF429,-0.03445065,0.03445065
ZNF43,-0.018181093,0.018181093
ZNF430,-0.02227091,0.02227091
ZNF432,-0.017476175,0.017476175
ZNF439,-0.005590602,0.005590602
ZNF440,0.0,0.0
ZNF441,-0.019809136,0.019809136
ZNF442,0.0,0.0
ZNF443,0.0,0.0
ZNF445,0.017365342,0.017365342
ZNF461,-0.022044957,0.022044957
ZNF486,0.0,0.0
ZNF493,0.01866541,0.01866541
ZNF500,0.012281555,0.012281555
ZNF510,0.0,0.0
ZNF512B,0.0,0.0
ZNF514,0.0,0.0
ZNF519,0.0,0.0
ZNF529,0.0,0.0
ZNF530,-0.018268852,0.018268852
ZNF540,-0.020324038,0.020324038
ZNF544,0.019017613,0.019017613
ZNF548,-0.018937148,0.018937148
ZNF549,0.0,0.0
ZNF551,0.02102421,0.02102421
ZNF554,-0.020308144,0.020308144
ZNF555,-0.02051764,0.02051764
ZNF563,0.019698242,0.019698242
ZNF565,0.0,0.0
ZNF567,-0.040691726,0.040691726
ZNF568,-0.03161193,0.03161193
ZNF569,-0.018268852,0.018268852
ZNF570,0.02832624,0.02832624
ZNF571,0.0,0.0
ZNF583,-0.054452207,0.054452207
ZNF584,0.0,0.0
ZNF595,-0.02060819,0.02060819
ZNF597,0.0,0.0
ZNF599,0.0071465783,0.0071465783
ZNF600,-0.00780363,0.00780363
ZNF606,0.015039735,0.015039735
ZNF611,-0.07726158,0.07726158
ZNF614,0.0,0.0
ZNF625,0.0,0.0
ZNF626,0.012369439,0.012369439
ZNF638,-0.031376623,0.031376623
ZNF649,-0.019795606,0.019795606
ZNF658,0.0,0.0
ZNF664,-0.019387593,0.019387593
ZNF665,0.0,0.0
ZNF667,0.0,0.0
ZNF669,-0.02096504,0.02096504
ZNF675,-0.036468767,0.036468767
ZNF677,0.023455517,0.023455517
ZNF682,0.0,0.0
ZNF692,-0.030589588,0.030589588
ZNF696,-0.019656898,0.019656898
ZNF70,0.0,0.0
ZNF700,0.0,0.0
ZNF701,-0.020938942,0.020938942
ZNF704,0.0,0.0
ZNF708,0.021000683,0.021000683
ZNF714,0.0,0.0
ZNF720,0.039026406,0.039026406
ZNF726,0.0,0.0
ZNF736,-0.022519536,0.022519536
ZNF738,0.0,0.0
ZNF75A,-0.097634785,0.097634785
ZNF77,-0.043908857,0.043908857
ZNF770,-0.0004062485,0.0004062485
ZNF771,0.0,0.0
ZNF773,0.018010644,0.018010644
ZNF775,0.079677336,0.079677336
ZNF776,0.02005862,0.02005862
ZNF782,0.0,0.0
ZNF791,0.01214464,0.01214464
ZNF792,-0.02639762,0.02639762
ZNF799,-0.019009087,0.019009087
ZNF92,-0.032449,0.032449
ZRANB1,-0.026575197,0.026575197
ZSCAN25,-0.024251958,0.024251958
ZWILCH,-0.018694362,0.018694362
ZWINT,-0.019450428,0.019450428
